"Filename","RelativePath","Size","SHA256","Classification"
"Check-UnlimitedHomePoints.ps1","Check-UnlimitedHomePoints.ps1","1180","c6ed6b80a703fcf20a2363983114dbbb5fcb9cf8c5b9caae5ecdc617675cd4ed","LEGACY MOD FILE"
"CHECK_HOME_POINTS_INSTALL.bat","CHECK_HOME_POINTS_INSTALL.bat","185","08fa26e103b93579b83f528a367cdfe6d1802c6eb8022b96b5d7b368a8ce21ef","LEGACY MOD FILE"
"Crystal Project.exe","Crystal Project.exe","2301440","65cfbba9ed7af1f0c7db110f85719fa695a92cc088873a157fa95d92fa720d79","UNKNOWN -- DO NOT DELETE"
"Crystal Project.exe.unlimited_home_points.prepatch.bak","Crystal Project.exe.unlimited_home_points.prepatch.bak","2300416","1768ff8268fc09f817c8109a43e683411f0f647bb7d74928c00f1a102a5a38f3","BACKUP"
"CrystalProjectRandomMusic.dll","CrystalProjectRandomMusic.dll","20480","1eceede1152ef86f93d8e9e25047c24d11357b1e639df3c40c69d8e99733d64f","CURRENT MOD FILE"
"Cyotek.Drawing.BitmapFont.dll","Cyotek.Drawing.BitmapFont.dll","45656","36700835877262f5ce1d73748c5318aa2916e65f79aab8aeb949a17c485cbc98","UNKNOWN -- DO NOT DELETE"
"FAudio.dll","FAudio.dll","350378","173d9f6ae1b751acbe18d1997c11bd49a38b4b25bc63352f91ff7a46023c2941","UNKNOWN -- DO NOT DELETE"
"FNA.dll","FNA.dll","792576","942669fa6dd4f6b5a42417232f82bc449de545a5e982a7441d105fd0f3444ec7","UNKNOWN -- DO NOT DELETE"
"FNA.dll.config","FNA.dll.config","637","f9c22a8fa140d5ea55e23552e453d4c7a8cc98094487f70acfdef353f415f9e1","UNKNOWN -- DO NOT DELETE"
"FNA3D.dll","FNA3D.dll","775255","a91a395d26bb455a1679fd125dd91c7191f3a0391254869a13144b4241176ad3","UNKNOWN -- DO NOT DELETE"
"FontStashSharp.Base.dll","FontStashSharp.Base.dll","4608","fb993a018d5dce0e0ea9e2e78a561edf3da11e0b0740abb28506a8e78e83c980","UNKNOWN -- DO NOT DELETE"
"FontStashSharp.FNA.dll","FontStashSharp.FNA.dll","42496","817d59801d2de8ef0b5a4167469890f92423861b842e6ea600eec1757ce0553f","UNKNOWN -- DO NOT DELETE"
"Install-UnlimitedHomePoints.ps1","Install-UnlimitedHomePoints.ps1","4707","c485935feab922dc73e6bd87e062536b9080fbf08f875b719b624b2893ad72f8","LEGACY MOD FILE"
"INSTALL_CUSTOM_OGG.bat","INSTALL_CUSTOM_OGG.bat","432","86aa61b63d6ee78bbb7654457c3f602110c4f242c579a87f39758d006e754c7c","LEGACY MOD FILE"
"INSTALL_HOME_POINTS.bat","INSTALL_HOME_POINTS.bat","187","4ebc401efe612e803d6c6cec686417797b290aaa5520b3944ec705f61166261c","LEGACY MOD FILE"
"INSTALL_PROTOTYPE.bat","INSTALL_PROTOTYPE.bat","415","93b1fd5baac4d1c3345dd0e570a63f94635d3bffbdda1773fc05cab1ab7714ab","LEGACY MOD FILE"
"INSTALL_UNLIMITED_HOME_POINTS.bat","INSTALL_UNLIMITED_HOME_POINTS.bat","2490","07f3905f1f21f0bfbadd04ab370b385e61d759341850e2fb758a1d1eba1f8439","LEGACY MOD FILE"
"libtheorafile.dll","libtheorafile.dll","382895","db79a55a111a077d020138339b4629da77fb40cab86ecf0017219dab2308fe9c","UNKNOWN -- DO NOT DELETE"
"MonitorHook.dll","MonitorHook.dll","14336","a7a97171a6f005815b91b76f4262c8fa3b6f54a4911fd99ee82d9014b8fa4408","UNKNOWN -- DO NOT DELETE"
"NAudio.dll","NAudio.dll","513536","bc4bacc3b8b28d898f1671b79f216cca439f95eb60cd32d3e3ecafbecac42780","UNKNOWN -- DO NOT DELETE"
"Newtonsoft.Json.dll","Newtonsoft.Json.dll","700336","9000cfcb27d21ff1d9f7196b678ecc93be98af2a14254c03a554318891e6cb23","UNKNOWN -- DO NOT DELETE"
"NLayer.dll","NLayer.dll","73216","ec8e679992843aec2d31cbf2413a1a93c455ad70f9ba940c34c17a50f1b3c0f2","UNKNOWN -- DO NOT DELETE"
"NLayer.NAudioSupport.dll","NLayer.NAudioSupport.dll","7680","f4cf8e47bc0dee1962774b7297aa0664a7befc36f724fa203443403eb569ff3e","UNKNOWN -- DO NOT DELETE"
"NVorbis.dll","NVorbis.dll","68096","b395f5ef5508bf83ffdae5b483c883f500c8daad64f19da91288a279d6fdecf4","UNKNOWN -- DO NOT DELETE"
"PATCH_MANIFEST.txt","PATCH_MANIFEST.txt","926","ed3dfb1b63c1a2b0c55f96393704e3aa1b616ca456f5ce15d14c0f6a83953921","LEGACY MOD FILE"
"README.txt","README.txt","1673","3f2e08f2673986b62f2b13c62b8cadbfc21dacdabdf5da3427570b9796f2a19a","UNKNOWN -- DO NOT DELETE"
"SDL2.dll","SDL2.dll","2499584","76f7d265a3efaba658cbf5cf5ff078a4ad46f25160f961575041d1ca34e932c3","UNKNOWN -- DO NOT DELETE"
"SharpZipLib.dll","SharpZipLib.dll","195584","c3cd9538715dd486438e350de588e0bbe1494160609eaab331d075fec90913d8","UNKNOWN -- DO NOT DELETE"
"StbImageSharp.dll","StbImageSharp.dll","78848","b3f2d4f90d5e396d9273eac342f12e357936f36143767a98705321a37c797a7e","UNKNOWN -- DO NOT DELETE"
"StbTrueTypeSharp.dll","StbTrueTypeSharp.dll","54272","76b6c95a2d1e88d70d69aef99a24feebc4ba0834b37c31d87670547362972621","UNKNOWN -- DO NOT DELETE"
"Steamworks.NET.dll","Steamworks.NET.dll","380416","b2025e43be435a030995b314c711792a4db484027f07bdd328154e7739ba9945","UNKNOWN -- DO NOT DELETE"
"steam_api64.dll","steam_api64.dll","298856","a44e5537939ae4eebc69000589aa9b2437a667813a1657cc779198bae9b815a9","UNKNOWN -- DO NOT DELETE"
"UNINSTALL_CUSTOM_OGG.bat","UNINSTALL_CUSTOM_OGG.bat","430","a4cf70dd859a1b37aeca8fdc18e664a839c2cec45a8595f710cd1f626e31c883","LEGACY MOD FILE"
"UNINSTALL_PROTOTYPE.bat","UNINSTALL_PROTOTYPE.bat","413","e29ba595d36690e41640240dfd9fffabf85f1b9c54ce4f0f2fb869c12b91ac91","LEGACY MOD FILE"
"UNINSTALL_UNLIMITED_HOME_POINTS.bat","UNINSTALL_UNLIMITED_HOME_POINTS.bat","2342","235420bb99f46dcc0e22d0b81237063805c16e71d3f85bd77458266ea489f547","LEGACY MOD FILE"
"UnlimitedHomePoints-install.log","UnlimitedHomePoints-install.log","2020","05e022a1cdd866373dc9fa18a686943b7291d1a8d55ce00a6d528d9ad4f6ab5b","LEGACY MOD FILE"
"UnlimitedHomePoints.installed.txt","UnlimitedHomePoints.installed.txt","346","aefcd1b51aad5ae00297796289b65d3e0faf398f9339118392ed0a04675e5dbd","LEGACY MOD FILE"
"bgm.config","Content\Audio\bgm.config","18840","","VANILLA GAME FILE (apparent)"
"bgm.dat","Content\Audio\bgm.dat","388414689","","VANILLA GAME FILE (apparent)"
"se.config","Content\Audio\se.config","14947","","VANILLA GAME FILE (apparent)"
"se.dat","Content\Audio\se.dat","66159190","","VANILLA GAME FILE (apparent)"
"ability.dat","Content\Database\ability.dat","792870","","VANILLA GAME FILE (apparent)"
"actor.dat","Content\Database\actor.dat","1909","","VANILLA GAME FILE (apparent)"
"animation.dat","Content\Database\animation.dat","4856310","","VANILLA GAME FILE (apparent)"
"biome.dat","Content\Database\biome.dat","240478","","VANILLA GAME FILE (apparent)"
"difficulty.dat","Content\Database\difficulty.dat","2715","","VANILLA GAME FILE (apparent)"
"equipment.dat","Content\Database\equipment.dat","511487","","VANILLA GAME FILE (apparent)"
"gender.dat","Content\Database\gender.dat","611","","VANILLA GAME FILE (apparent)"
"item.dat","Content\Database\item.dat","139104","","VANILLA GAME FILE (apparent)"
"job.dat","Content\Database\job.dat","141716","","VANILLA GAME FILE (apparent)"
"loading.dat","Content\Database\loading.dat","87","","VANILLA GAME FILE (apparent)"
"monster.dat","Content\Database\monster.dat","1228750","","VANILLA GAME FILE (apparent)"
"passive.dat","Content\Database\passive.dat","41874","","VANILLA GAME FILE (apparent)"
"patch.dat","Content\Database\patch.dat","2053258","","VANILLA GAME FILE (apparent)"
"recipe.dat","Content\Database\recipe.dat","36620","","VANILLA GAME FILE (apparent)"
"spark.dat","Content\Database\spark.dat","213513","","VANILLA GAME FILE (apparent)"
"status.dat","Content\Database\status.dat","232396","","VANILLA GAME FILE (apparent)"
"system.dat","Content\Database\system.dat","191104","","VANILLA GAME FILE (apparent)"
"troop.dat","Content\Database\troop.dat","135938","","VANILLA GAME FILE (apparent)"
"voxel.dat","Content\Database\voxel.dat","190325","","VANILLA GAME FILE (apparent)"
"FontConsole.xnb","Content\Fonts\FontConsole.xnb","3634","","VANILLA GAME FILE (apparent)"
"FontEditorGui.xnb","Content\Fonts\FontEditorGui.xnb","12612","","VANILLA GAME FILE (apparent)"
"FontStandard.xnb","Content\Fonts\PixelA\FontStandard.xnb","2788","","VANILLA GAME FILE (apparent)"
"FontStandardBold.xnb","Content\Fonts\PixelA\FontStandardBold.xnb","3088","","VANILLA GAME FILE (apparent)"
"FontStandardSmall.xnb","Content\Fonts\PixelA\FontStandardSmall.xnb","2540","","VANILLA GAME FILE (apparent)"
"FontStandardSmallBold.xnb","Content\Fonts\PixelA\FontStandardSmallBold.xnb","2938","","VANILLA GAME FILE (apparent)"
"FontStandard.xnb","Content\Fonts\SmoothA\FontStandard.xnb","9546","","VANILLA GAME FILE (apparent)"
"FontStandardBold.xnb","Content\Fonts\SmoothA\FontStandardBold.xnb","10006","","VANILLA GAME FILE (apparent)"
"FontStandardSmall.xnb","Content\Fonts\SmoothA\FontStandardSmall.xnb","8664","","VANILLA GAME FILE (apparent)"
"FontStandardSmallBold.xnb","Content\Fonts\SmoothA\FontStandardSmallBold.xnb","8994","","VANILLA GAME FILE (apparent)"
"EffectAbilityLight.fxb","Content\Shaders\EffectAbilityLight.fxb","4708","","VANILLA GAME FILE (apparent)"
"EffectAlphaCutout.fxb","Content\Shaders\EffectAlphaCutout.fxb","1200","","VANILLA GAME FILE (apparent)"
"EffectAntiAlias.fxb","Content\Shaders\EffectAntiAlias.fxb","3380","","VANILLA GAME FILE (apparent)"
"EffectBloom.fxb","Content\Shaders\EffectBloom.fxb","1232","","VANILLA GAME FILE (apparent)"
"EffectBloomExtract.fxb","Content\Shaders\EffectBloomExtract.fxb","1616","","VANILLA GAME FILE (apparent)"
"EffectClear.fxb","Content\Shaders\EffectClear.fxb","952","","VANILLA GAME FILE (apparent)"
"EffectDepth.fxb","Content\Shaders\EffectDepth.fxb","4984","","VANILLA GAME FILE (apparent)"
"EffectEntity.fxb","Content\Shaders\EffectEntity.fxb","9744","","VANILLA GAME FILE (apparent)"
"EffectEntityShadow.fxb","Content\Shaders\EffectEntityShadow.fxb","3224","","VANILLA GAME FILE (apparent)"
"EffectEntitySilhouette.fxb","Content\Shaders\EffectEntitySilhouette.fxb","2368","","VANILLA GAME FILE (apparent)"
"EffectEntityUI.fxb","Content\Shaders\EffectEntityUI.fxb","2848","","VANILLA GAME FILE (apparent)"
"EffectEntityUIColor.fxb","Content\Shaders\EffectEntityUIColor.fxb","2764","","VANILLA GAME FILE (apparent)"
"EffectEntityUIShiny.fxb","Content\Shaders\EffectEntityUIShiny.fxb","3120","","VANILLA GAME FILE (apparent)"
"EffectGaussianBlur.fxb","Content\Shaders\EffectGaussianBlur.fxb","1824","","VANILLA GAME FILE (apparent)"
"EffectGradient.fxb","Content\Shaders\EffectGradient.fxb","860","","VANILLA GAME FILE (apparent)"
"EffectHueSlider.fxb","Content\Shaders\EffectHueSlider.fxb","1028","","VANILLA GAME FILE (apparent)"
"EffectIndoorMask.fxb","Content\Shaders\EffectIndoorMask.fxb","4500","","VANILLA GAME FILE (apparent)"
"EffectLiquidMask.fxb","Content\Shaders\EffectLiquidMask.fxb","6616","","VANILLA GAME FILE (apparent)"
"EffectMember.fxb","Content\Shaders\EffectMember.fxb","4840","","VANILLA GAME FILE (apparent)"
"EffectMonster.fxb","Content\Shaders\EffectMonster.fxb","4532","","VANILLA GAME FILE (apparent)"
"EffectOutline.fxb","Content\Shaders\EffectOutline.fxb","4192","","VANILLA GAME FILE (apparent)"
"EffectParticles.fxb","Content\Shaders\EffectParticles.fxb","10984","","VANILLA GAME FILE (apparent)"
"EffectPCF.fxb","Content\Shaders\EffectPCF.fxb","1440","","VANILLA GAME FILE (apparent)"
"EffectPost.fxb","Content\Shaders\EffectPost.fxb","6976","","VANILLA GAME FILE (apparent)"
"EffectSSAO.fxb","Content\Shaders\EffectSSAO.fxb","8896","","VANILLA GAME FILE (apparent)"
"EffectTransition.fxb","Content\Shaders\EffectTransition.fxb","2164","","VANILLA GAME FILE (apparent)"
"EffectVignette.fxb","Content\Shaders\EffectVignette.fxb","2000","","VANILLA GAME FILE (apparent)"
"EffectVoxelEntityInd.fxb","Content\Shaders\EffectVoxelEntityInd.fxb","6752","","VANILLA GAME FILE (apparent)"
"EffectVoxelHighlight.fxb","Content\Shaders\EffectVoxelHighlight.fxb","6664","","VANILLA GAME FILE (apparent)"
"EffectVoxelLiquid.fxb","Content\Shaders\EffectVoxelLiquid.fxb","18320","","VANILLA GAME FILE (apparent)"
"EffectVoxelMask.fxb","Content\Shaders\EffectVoxelMask.fxb","10184","","VANILLA GAME FILE (apparent)"
"EffectVoxelSolid.fxb","Content\Shaders\EffectVoxelSolid.fxb","23480","","VANILLA GAME FILE (apparent)"
"EffectWeapon.fxb","Content\Shaders\EffectWeapon.fxb","2308","","VANILLA GAME FILE (apparent)"
"EffectXbr.fxb","Content\Shaders\EffectXbr.fxb","3920","","VANILLA GAME FILE (apparent)"
"Actor.dat","Content\Textures\Actor.dat","946535","","VANILLA GAME FILE (apparent)"
"Animation.dat","Content\Textures\Animation.dat","56049326","","VANILLA GAME FILE (apparent)"
"Editor.dat","Content\Textures\Editor.dat","100559","","VANILLA GAME FILE (apparent)"
"Entity.dat","Content\Textures\Entity.dat","24354","","VANILLA GAME FILE (apparent)"
"Equipment.dat","Content\Textures\Equipment.dat","304274","","VANILLA GAME FILE (apparent)"
"GUI.dat","Content\Textures\GUI.dat","340367","","VANILLA GAME FILE (apparent)"
"Icon.dat","Content\Textures\Icon.dat","108363","","VANILLA GAME FILE (apparent)"
"Loading.dat","Content\Textures\Loading.dat","5823","","VANILLA GAME FILE (apparent)"
"Member.dat","Content\Textures\Member.dat","712078","","VANILLA GAME FILE (apparent)"
"Monster.dat","Content\Textures\Monster.dat","2248919","","VANILLA GAME FILE (apparent)"
"Mouse.bmp","Content\Textures\Mouse.bmp","4152","","VANILLA GAME FILE (apparent)"
"Shadow.dat","Content\Textures\Shadow.dat","8676","","VANILLA GAME FILE (apparent)"
"System.dat","Content\Textures\System.dat","16164","","VANILLA GAME FILE (apparent)"
"Voxel.dat","Content\Textures\Voxel.dat","689562","","VANILLA GAME FILE (apparent)"
"Window.dat","Content\Textures\Window.dat","164967","","VANILLA GAME FILE (apparent)"
"arena.dat","Content\Worlds\arena.dat","601020","","VANILLA GAME FILE (apparent)"
"field.dat","Content\Worlds\field.dat","6476162","","VANILLA GAME FILE (apparent)"
"title.dat","Content\Worlds\title.dat","71010","","VANILLA GAME FILE (apparent)"
"ColorPickerLib.dll","Crystal Edit\ColorPickerLib.dll","113664","8ffa6a5902a92a24d26e4a101d76331582058ddb3b4408bb84e834a553c935ea","UNKNOWN -- DO NOT DELETE"
"ConfigIO.dll","Crystal Edit\ConfigIO.dll","5632","6cbf8db47d8762a82379e15ac062b2f6529d791e5608505fcf613fc4df6696ff","UNKNOWN -- DO NOT DELETE"
"Crystal Edit.exe","Crystal Edit\Crystal Edit.exe","1823232","315c0398646873fee6f61a8d01a0581b865b356ea9ae0d949672860200108a0f","UNKNOWN -- DO NOT DELETE"
"Crystal Edit.exe.config","Crystal Edit\Crystal Edit.exe.config","186","cbaf2ae95b1133026c58ab6362af2f7fb2a1871d7ad58b87bd73137598228d9b","UNKNOWN -- DO NOT DELETE"
"FNA.dll","Crystal Edit\FNA.dll","792576","942669fa6dd4f6b5a42417232f82bc449de545a5e982a7441d105fd0f3444ec7","UNKNOWN -- DO NOT DELETE"
"FNA.dll.config","Crystal Edit\FNA.dll.config","637","f9c22a8fa140d5ea55e23552e453d4c7a8cc98094487f70acfdef353f415f9e1","UNKNOWN -- DO NOT DELETE"
"folder.json","Crystal Edit\folder.json","20881","9b5642cb82c068fd81a5a4eec489b02ff1c39948946f608b66f2152e0e292743","UNKNOWN -- DO NOT DELETE"
"ImageProcessor.dll","Crystal Edit\ImageProcessor.dll","184832","435c06ac6ea49d0e14af7368b643e9c3ee68420d4cc8e18df6bb127a529b1462","UNKNOWN -- DO NOT DELETE"
"Ionic.Zip.dll","Crystal Edit\Ionic.Zip.dll","462336","3b3e541682e48f3fd2872f85a06278da2f3e7877ee956da89b90d732a1eaa0bd","UNKNOWN -- DO NOT DELETE"
"Microsoft.Practices.Prism.Composition.dll","Crystal Edit\Microsoft.Practices.Prism.Composition.dll","140432","eb8f7ceca9dfca2080a8a9c30ebf49298778743f288a289970846d02074c5322","UNKNOWN -- DO NOT DELETE"
"Microsoft.Practices.Prism.Interactivity.dll","Crystal Edit\Microsoft.Practices.Prism.Interactivity.dll","27792","f4043d2182666f67acf71449ea60477dbdc577b1a09574ed6562a5c3fa6c42a9","UNKNOWN -- DO NOT DELETE"
"Microsoft.Practices.Prism.Mvvm.Desktop.dll","Crystal Edit\Microsoft.Practices.Prism.Mvvm.Desktop.dll","14496","da3abfee09dde110e4e9a0321f7223f7380a1052cb506313f44947e32f09bb5f","UNKNOWN -- DO NOT DELETE"
"Microsoft.Practices.Prism.Mvvm.dll","Crystal Edit\Microsoft.Practices.Prism.Mvvm.dll","31376","675ebd10802e628aea65659a18505651ff945e70c8730f74ce5ff1674b2d45a8","UNKNOWN -- DO NOT DELETE"
"Microsoft.Practices.Prism.PubSubEvents.dll","Crystal Edit\Microsoft.Practices.Prism.PubSubEvents.dll","22768","25f8ccd05c97805438d5a7e321765e92edba7f135960f345920af779ad6a78fc","UNKNOWN -- DO NOT DELETE"
"Microsoft.Practices.Prism.SharedInterfaces.dll","Crystal Edit\Microsoft.Practices.Prism.SharedInterfaces.dll","12432","b81fd01ff84915425375f74baf46d0300f21ce63725a4d5f817bf901c6c212f1","UNKNOWN -- DO NOT DELETE"
"Microsoft.Practices.ServiceLocation.dll","Crystal Edit\Microsoft.Practices.ServiceLocation.dll","18120","78ac70411c71b7a0c68fe8746edd3f3a8cd3f72044b329a40ab53c57891be37d","UNKNOWN -- DO NOT DELETE"
"NAudio.dll","Crystal Edit\NAudio.dll","513536","bc4bacc3b8b28d898f1671b79f216cca439f95eb60cd32d3e3ecafbecac42780","UNKNOWN -- DO NOT DELETE"
"navtree.json","Crystal Edit\navtree.json","771499","5b0e6fef9fda193e7b86e1cc7236ffbad5086e1baa46fda95cd0e458ccb158dd","UNKNOWN -- DO NOT DELETE"
"Newtonsoft.Json.dll","Crystal Edit\Newtonsoft.Json.dll","700336","9000cfcb27d21ff1d9f7196b678ecc93be98af2a14254c03a554318891e6cb23","UNKNOWN -- DO NOT DELETE"
"NumericUpDownLib.dll","Crystal Edit\NumericUpDownLib.dll","55296","7628c3fd25af5b6ef66c51c7dd4b84ec6ba62528dacc0aaabbef63f1300256db","UNKNOWN -- DO NOT DELETE"
"SharpZipLib.dll","Crystal Edit\SharpZipLib.dll","195584","c3cd9538715dd486438e350de588e0bbe1494160609eaab331d075fec90913d8","UNKNOWN -- DO NOT DELETE"
"Steamworks.NET.dll","Crystal Edit\Steamworks.NET.dll","380416","b2025e43be435a030995b314c711792a4db484027f07bdd328154e7739ba9945","UNKNOWN -- DO NOT DELETE"
"steam_api64.dll","Crystal Edit\steam_api64.dll","298856","a44e5537939ae4eebc69000589aa9b2437a667813a1657cc779198bae9b815a9","UNKNOWN -- DO NOT DELETE"
"steam_appid.txt","Crystal Edit\steam_appid.txt","7","4f31ea7f3989bcc05624bf06ee6c6568db3fe137fb338e3c4a7c7ac320e86c81","UNKNOWN -- DO NOT DELETE"
"System.Windows.Interactivity.dll","Crystal Edit\System.Windows.Interactivity.dll","55904","93fbc59e4880afc9f136c3ac0976ada7f3faa7cacedce5c824b337cbca9d2ebf","UNKNOWN -- DO NOT DELETE"
"ColorPickerLib.resources.dll","Crystal Edit\cs-CZ\ColorPickerLib.resources.dll","4608","94a0bd40a2ee36a6305c8bdc4ebdcda179d1658ff656f412995599101e0c5d53","UNKNOWN -- DO NOT DELETE"
"ColorPickerLib.resources.dll","Crystal Edit\de-DE\ColorPickerLib.resources.dll","4608","25d8361ce5a7ff68534763ac254d045b35b30738a5b68dbc99197e8aba08ebdf","UNKNOWN -- DO NOT DELETE"
"ColorPickerLib.resources.dll","Crystal Edit\es-ES\ColorPickerLib.resources.dll","4608","7cd17949c2b4a1d318f024afbc54e6232689d19593512d5e91fc4c2127488ca3","UNKNOWN -- DO NOT DELETE"
"ColorPickerLib.resources.dll","Crystal Edit\fr-FR\ColorPickerLib.resources.dll","4608","f8e434c17c234f9c3c2e1cc4db238c06f301e5ac21f8d05e69aea04e4b51ac47","UNKNOWN -- DO NOT DELETE"
"ColorPickerLib.resources.dll","Crystal Edit\hi\ColorPickerLib.resources.dll","5120","5ea75652cc538b5d4d91be7e75a3a5fd1cad25b0dbbc5efaea5d55cf3a92923f","UNKNOWN -- DO NOT DELETE"
"ColorPickerLib.resources.dll","Crystal Edit\id-ID\ColorPickerLib.resources.dll","4608","eb42d2c23d8d75fbdb9816d76254f239a9c8ca2b74e9b90ad50dbcc03e3e51ac","UNKNOWN -- DO NOT DELETE"
"ColorPickerLib.resources.dll","Crystal Edit\it-IT\ColorPickerLib.resources.dll","4608","980fa2b3e419ec65278d714fa86a9b5ccee2dea5d925ae18a01921e3ecbf7a5e","UNKNOWN -- DO NOT DELETE"
"ColorPickerLib.resources.dll","Crystal Edit\ja-JP\ColorPickerLib.resources.dll","4608","48f2df5e839e830b8180abdc7343214aaa3df9323792650612f4b976e1233772","UNKNOWN -- DO NOT DELETE"
"ColorPickerLib.resources.dll","Crystal Edit\nl-NL\ColorPickerLib.resources.dll","4608","61f90a3c79b0e712351b97b5263f47162831b3067657312adc35b41bd56607b2","UNKNOWN -- DO NOT DELETE"
"Free Maps.json","Crystal Edit\Samples\Free Maps.json","702315","530fc1d66590003e8e3c8b77c791e042306fd983f53120ff64ba124b65e2413d","UNKNOWN -- DO NOT DELETE"
"Golden Quintar High Jump.json","Crystal Edit\Samples\Golden Quintar High Jump.json","790075","862c8dc918bfac0634e9c16a4a5e94870a1100b0ca4db382ded25c24d3976ccc","UNKNOWN -- DO NOT DELETE"
"Modern Kids.json","Crystal Edit\Samples\Modern Kids.json","719821","f3ed3ab1d7efaf7399d158c24fe2471374e781ff2bab9cf285c9448c08218905","UNKNOWN -- DO NOT DELETE"
"Unrestricted Weapon Skills.json","Crystal Edit\Samples\Unrestricted Weapon Skills.json","765757","e26e7518c1b35d165db2dedc8ef0eb13339ba9f88d186d4aacbb5dfbbc49a6c4","UNKNOWN -- DO NOT DELETE"
"ColorPickerLib.resources.dll","Crystal Edit\zh-CHS\ColorPickerLib.resources.dll","4608","09232f06ec6bf6722f334de119145175537aeb886b20c1789f66f0257ada4965","UNKNOWN -- DO NOT DELETE"
"ColorPickerLib.resources.dll","Crystal Edit\zh-CHT\ColorPickerLib.resources.dll","4608","06b27cf691ff797a9d2633d0a80026c125eb76eef912d97ed9c098cd23249a7e","UNKNOWN -- DO NOT DELETE"
"06 Don't Be Afraid (Arrange) - Battle.normalized.ogg","ogg\Battle\06 Don't Be Afraid (Arrange) - Battle.normalized.ogg","1622007","","CURRENT MOD FILE"
"A Violent Encounter (Shdw of the Colossus - Battle 2).normalized.ogg","ogg\Battle\A Violent Encounter (Shdw of the Colossus - Battle 2).normalized.ogg","950140","","CURRENT MOD FILE"
"All As One (FFXVI battle).normalized.ogg","ogg\Battle\All As One (FFXVI battle).normalized.ogg","2690164","","CURRENT MOD FILE"
"Arise Within You (Parasite Eve - Battle Theme).normalized.ogg","ogg\Battle\Arise Within You (Parasite Eve - Battle Theme).normalized.ogg","753828","","CURRENT MOD FILE"
"Battle (FFIX - Battle).normalized.ogg","ogg\Battle\Battle (FFIX - Battle).normalized.ogg","933663","","CURRENT MOD FILE"
"Battle (ffvi battle).normalized.ogg","ogg\Battle\Battle (ffvi battle).normalized.ogg","1438271","","CURRENT MOD FILE"
"Battle (Lufia 2 Battle).normalized.ogg","ogg\Battle\Battle (Lufia 2 Battle).normalized.ogg","833225","","CURRENT MOD FILE"
"Battle (Xenosaga Episode 1 - Battle Theme).normalized.ogg","ogg\Battle\Battle (Xenosaga Episode 1 - Battle Theme).normalized.ogg","1085306","","CURRENT MOD FILE"
"Battle 1 (Chrono Trigger - Battle).normalized.ogg","ogg\Battle\Battle 1 (Chrono Trigger - Battle).normalized.ogg","908163","","CURRENT MOD FILE"
"Battle 1 (FF5 Arrange).normalized.ogg","ogg\Battle\Battle 1 (FF5 Arrange).normalized.ogg","536541","","CURRENT MOD FILE"
"Battle 1 (FFV - Battle Theme).normalized.ogg","ogg\Battle\Battle 1 (FFV - Battle Theme).normalized.ogg","1000978","","CURRENT MOD FILE"
"Battle 1 (final fantasy mystic quest battle).normalized.ogg","ogg\Battle\Battle 1 (final fantasy mystic quest battle).normalized.ogg","708904","","CURRENT MOD FILE"
"Battle 1 - Pixel Remaster (FFI).normalized.ogg","ogg\Battle\Battle 1 - Pixel Remaster (FFI).normalized.ogg","576427","","CURRENT MOD FILE"
"Battle 1 - Pixel Remaster (FFIV).normalized.ogg","ogg\Battle\Battle 1 - Pixel Remaster (FFIV).normalized.ogg","694297","","CURRENT MOD FILE"
"Battle 2 (Chrono Trigger - Battle).normalized.ogg","ogg\Battle\Battle 2 (Chrono Trigger - Battle).normalized.ogg","543287","","CURRENT MOD FILE"
"Battle 2 (FF3 Arrange).normalized.ogg","ogg\Battle\Battle 2 (FF3 Arrange).normalized.ogg","2127255","","CURRENT MOD FILE"
"Battle Scene (Arrange) - Battle.normalized.ogg","ogg\Battle\Battle Scene (Arrange) - Battle.normalized.ogg","2394348","","CURRENT MOD FILE"
"Battle Theme (FFII).normalized.ogg","ogg\Battle\Battle Theme (FFII).normalized.ogg","562547","","CURRENT MOD FILE"
"Battle Theme (FFIII).normalized.ogg","ogg\Battle\Battle Theme (FFIII).normalized.ogg","1118026","","CURRENT MOD FILE"
"Battle Theme (FFIV SNES).normalized.ogg","ogg\Battle\Battle Theme (FFIV SNES).normalized.ogg","554678","","CURRENT MOD FILE"
"Battle Theme (FFVI).normalized.ogg","ogg\Battle\Battle Theme (FFVI).normalized.ogg","673768","","CURRENT MOD FILE"
"Battle Theme (FFVII).normalized.ogg","ogg\Battle\Battle Theme (FFVII).normalized.ogg","1029325","","CURRENT MOD FILE"
"Battle Theme (FFVIII).normalized.ogg","ogg\Battle\Battle Theme (FFVIII).normalized.ogg","1114979","","CURRENT MOD FILE"
"Battle Theme (FFX).normalized.ogg","ogg\Battle\Battle Theme (FFX).normalized.ogg","1297874","","CURRENT MOD FILE"
"Battle Theme (FFXIII).normalized.ogg","ogg\Battle\Battle Theme (FFXIII).normalized.ogg","998605","","CURRENT MOD FILE"
"Battle Theme (FFXV).normalized.ogg","ogg\Battle\Battle Theme (FFXV).normalized.ogg","1360684","","CURRENT MOD FILE"
"Battle Theme (Lunar Silver Star Story Battle).normalized.ogg","ogg\Battle\Battle Theme (Lunar Silver Star Story Battle).normalized.ogg","1255113","","CURRENT MOD FILE"
"Battle Theme (Valkyrie Profile).normalized.ogg","ogg\Battle\Battle Theme (Valkyrie Profile).normalized.ogg","1171440","","CURRENT MOD FILE"
"Battle Theme (Xenogears).normalized.ogg","ogg\Battle\Battle Theme (Xenogears).normalized.ogg","1659789","","CURRENT MOD FILE"
"Battle Theme 1 (Arrange) - Battle.normalized.ogg","ogg\Battle\Battle Theme 1 (Arrange) - Battle.normalized.ogg","1736149","","CURRENT MOD FILE"
"Battle Theme 1 (FFVII Remake).normalized.ogg","ogg\Battle\Battle Theme 1 (FFVII Remake).normalized.ogg","1032511","","CURRENT MOD FILE"
"Battle Theme 2 (FFII).normalized.ogg","ogg\Battle\Battle Theme 2 (FFII).normalized.ogg","906824","","CURRENT MOD FILE"
"Battle Theme 2 (FFVII Remake).normalized.ogg","ogg\Battle\Battle Theme 2 (FFVII Remake).normalized.ogg","1278218","","CURRENT MOD FILE"
"Battle Theme 3 (FFVII Remake).normalized.ogg","ogg\Battle\Battle Theme 3 (FFVII Remake).normalized.ogg","1623260","","CURRENT MOD FILE"
"Battle Theme 4 (FFVII Remake).normalized.ogg","ogg\Battle\Battle Theme 4 (FFVII Remake).normalized.ogg","1090814","","CURRENT MOD FILE"
"Beginning of Battle (breath of fire battle).normalized.ogg","ogg\Battle\Beginning of Battle (breath of fire battle).normalized.ogg","817723","","CURRENT MOD FILE"
"Confrontation With Monsters (suikoden battle).normalized.ogg","ogg\Battle\Confrontation With Monsters (suikoden battle).normalized.ogg","1439390","","CURRENT MOD FILE"
"Critical Hit! (Wild Arms Battle).normalized.ogg","ogg\Battle\Critical Hit! (Wild Arms Battle).normalized.ogg","616968","","CURRENT MOD FILE"
"Cross Counter (breath of fire 2 battle).normalized.ogg","ogg\Battle\Cross Counter (breath of fire 2 battle).normalized.ogg","478811","","CURRENT MOD FILE"
"Crystal Blade Symphony (squallsoft battle).normalized.ogg","ogg\Battle\Crystal Blade Symphony (squallsoft battle).normalized.ogg","1727835","","CURRENT MOD FILE"
"Echoes of the Fallen Star (squallsoft battle).normalized.ogg","ogg\Battle\Echoes of the Fallen Star (squallsoft battle).normalized.ogg","891111","","CURRENT MOD FILE"
"FIGHT!! Ver.1 (grandia ii battle).normalized.ogg","ogg\Battle\FIGHT!! Ver.1 (grandia ii battle).normalized.ogg","2230493","","CURRENT MOD FILE"
"FIGHT!! Ver.2 (grandia ii battle).normalized.ogg","ogg\Battle\FIGHT!! Ver.2 (grandia ii battle).normalized.ogg","2493725","","CURRENT MOD FILE"
"Find the Flame (FFXVI battle).normalized.ogg","ogg\Battle\Find the Flame (FFXVI battle).normalized.ogg","1524016","","CURRENT MOD FILE"
"Fuego de Acero (squallsoft vol 2 battle).normalized.ogg","ogg\Battle\Fuego de Acero (squallsoft vol 2 battle).normalized.ogg","877802","","CURRENT MOD FILE"
"Gale (Chrono Cross - Battle Theme).normalized.ogg","ogg\Battle\Gale (Chrono Cross - Battle Theme).normalized.ogg","635358","","CURRENT MOD FILE"
"Geometric City -TANZ Mix (raystorm battle)-.normalized.ogg","ogg\Battle\Geometric City -TANZ Mix (raystorm battle)-.normalized.ogg","1353207","","CURRENT MOD FILE"
"Geometric City -ZTT Mix (raystorm battle)-.normalized.ogg","ogg\Battle\Geometric City -ZTT Mix (raystorm battle)-.normalized.ogg","1668354","","CURRENT MOD FILE"
"Let the Battles Begin! (advent chilkdren battle).normalized.ogg","ogg\Battle\Let the Battles Begin! (advent chilkdren battle).normalized.ogg","1148220","","CURRENT MOD FILE"
"Neon Blade Rush (squallsoft battle).normalized.ogg","ogg\Battle\Neon Blade Rush (squallsoft battle).normalized.ogg","1515484","","CURRENT MOD FILE"
"Neon Duel (squallsoft battle).normalized.ogg","ogg\Battle\Neon Duel (squallsoft battle).normalized.ogg","461655","","CURRENT MOD FILE"
"Neon Void (squallsoft vol 2 battle).normalized.ogg","ogg\Battle\Neon Void (squallsoft vol 2 battle).normalized.ogg","1159187","","CURRENT MOD FILE"
"Revived Power (Shdw of the Colossus - Battle).normalized.ogg","ogg\Battle\Revived Power (Shdw of the Colossus - Battle).normalized.ogg","1644677","","CURRENT MOD FILE"
"Sacrifice Part Three (Trials of Mana battle).normalized.ogg","ogg\Battle\Sacrifice Part Three (Trials of Mana battle).normalized.ogg","5914421","","CURRENT MOD FILE"
"Scherzo Di Notte (KH2 Battle).normalized.ogg","ogg\Battle\Scherzo Di Notte (KH2 Battle).normalized.ogg","1354951","","CURRENT MOD FILE"
"Sinister Sundown (KH2 Battle).normalized.ogg","ogg\Battle\Sinister Sundown (KH2 Battle).normalized.ogg","1479059","","CURRENT MOD FILE"
"Stab the Sword of Justice - Star Ocean_ The Second Story OST - Battle.normalized.ogg","ogg\Battle\Stab the Sword of Justice - Star Ocean_ The Second Story OST - Battle.normalized.ogg","1078329","","CURRENT MOD FILE"
"The Decisive Battle (FF6 Arrange).normalized.ogg","ogg\Battle\The Decisive Battle (FF6 Arrange).normalized.ogg","1296301","","CURRENT MOD FILE"
"The Man with the Machine Gun (FFVIII battle).normalized.ogg","ogg\Battle\The Man with the Machine Gun (FFVIII battle).normalized.ogg","1461028","","CURRENT MOD FILE"
"Thunder in the Void (squallsoft battle).normalized.ogg","ogg\Battle\Thunder in the Void (squallsoft battle).normalized.ogg","1098914","","CURRENT MOD FILE"
"YuRiPa Fight No.3 (FFX-2 Battle).normalized.ogg","ogg\Battle\YuRiPa Fight No.3 (FFX-2 Battle).normalized.ogg","982164","","CURRENT MOD FILE"
"A3 (thunderforce v boss).normalized.ogg","ogg\Boss\A3 (thunderforce v boss).normalized.ogg","2015866","","CURRENT MOD FILE"
"Bigcore Mk-II (Gradius V boss).normalized.ogg","ogg\Boss\Bigcore Mk-II (Gradius V boss).normalized.ogg","1212956","","CURRENT MOD FILE"
"Black Dragon (breath of fire boss).normalized.ogg","ogg\Boss\Black Dragon (breath of fire boss).normalized.ogg","1363014","","CURRENT MOD FILE"
"Boss Theme (Contra 3).normalized.ogg","ogg\Boss\Boss Theme (Contra 3).normalized.ogg","1431882","","CURRENT MOD FILE"
"Boss Theme (Kingdom Hearts).normalized.ogg","ogg\Boss\Boss Theme (Kingdom Hearts).normalized.ogg","2528207","","CURRENT MOD FILE"
"Clash on the Big Bridge ~FFXII Version~ (FFXII Boss 4).normalized.ogg","ogg\Boss\Clash on the Big Bridge ~FFXII Version~ (FFXII Boss 4).normalized.ogg","1537247","","CURRENT MOD FILE"
"Clean Hit (breath of fire 2 boss).normalized.ogg","ogg\Boss\Clean Hit (breath of fire 2 boss).normalized.ogg","965839","","CURRENT MOD FILE"
"Confidence in the domination (Valkyrie Profile - Boss Theme).normalized.ogg","ogg\Boss\Confidence in the domination (Valkyrie Profile - Boss Theme).normalized.ogg","908538","","CURRENT MOD FILE"
"Deep Purple (Thunderforce v boss).normalized.ogg","ogg\Boss\Deep Purple (Thunderforce v boss).normalized.ogg","1234579","","CURRENT MOD FILE"
"Divinity I (advent children boss).normalized.ogg","ogg\Boss\Divinity I (advent children boss).normalized.ogg","1619847","","CURRENT MOD FILE"
"Fight On! (advent children boss).normalized.ogg","ogg\Boss\Fight On! (advent children boss).normalized.ogg","3046825","","CURRENT MOD FILE"
"FIGHT!! Ver.3 (grandia 2 boss).normalized.ogg","ogg\Boss\FIGHT!! Ver.3 (grandia 2 boss).normalized.ogg","1111903","","CURRENT MOD FILE"
"Fragments of Sorrow (KH 2 Boss).normalized.ogg","ogg\Boss\Fragments of Sorrow (KH 2 Boss).normalized.ogg","943221","","CURRENT MOD FILE"
"Guardian's Knight (thunderforce v boss).normalized.ogg","ogg\Boss\Guardian's Knight (thunderforce v boss).normalized.ogg","2602603","","CURRENT MOD FILE"
"Iron Lung Protocol (squallsoft boss).normalized.ogg","ogg\Boss\Iron Lung Protocol (squallsoft boss).normalized.ogg","1325418","","CURRENT MOD FILE"
"Iron Maiden (Thunderforce V boss).normalized.ogg","ogg\Boss\Iron Maiden (Thunderforce V boss).normalized.ogg","1261771","","CURRENT MOD FILE"
"King Bowser (super mario galaxy boss).normalized.ogg","ogg\Boss\King Bowser (super mario galaxy boss).normalized.ogg","2433912","","CURRENT MOD FILE"
"Metaphar -TANZ Mix (raystoem boss)-.normalized.ogg","ogg\Boss\Metaphar -TANZ Mix (raystoem boss)-.normalized.ogg","3392925","","CURRENT MOD FILE"
"Molecular Clock -TANZ Mix (raystorm boss)-.normalized.ogg","ogg\Boss\Molecular Clock -TANZ Mix (raystorm boss)-.normalized.ogg","2871495","","CURRENT MOD FILE"
"Teto Ran (Gradius V Boss).normalized.ogg","ogg\Boss\Teto Ran (Gradius V Boss).normalized.ogg","1170524","","CURRENT MOD FILE"
"The 13th Struggle (KH2 Boss).normalized.ogg","ogg\Boss\The 13th Struggle (KH2 Boss).normalized.ogg","1561160","","CURRENT MOD FILE"
"The Justice Ray Part #2 (thunder force v boss).normalized.ogg","ogg\Boss\The Justice Ray Part #2 (thunder force v boss).normalized.ogg","2953025","","CURRENT MOD FILE"
"The Prince of Darkness (legend of zelda alttp boss).normalized.ogg","ogg\Boss\The Prince of Darkness (legend of zelda alttp boss).normalized.ogg","440279","","CURRENT MOD FILE"
"Versus Large Enemy- Type 2 (Einhander - Boss) - Looped.normalized.ogg","ogg\Boss\Versus Large Enemy- Type 2 (Einhander - Boss) - Looped.normalized.ogg","2454981","","CURRENT MOD FILE"
"'Heh, they didn't even get to fight back!' (grandia ii victory).normalized.ogg","ogg\Victory\'Heh, they didn't even get to fight back!' (grandia ii victory).normalized.ogg","635411","","CURRENT MOD FILE"
"06 Victory Fanfare (Cosmos) - Victory.normalized.ogg","ogg\Victory\06 Victory Fanfare (Cosmos) - Victory.normalized.ogg","706875","","CURRENT MOD FILE"
"Fanfare (FFIX - Victory Fanfare).normalized.ogg","ogg\Victory\Fanfare (FFIX - Victory Fanfare).normalized.ogg","276254","","CURRENT MOD FILE"
"Fanfare 1 (Chrono Trigger - Victory).normalized.ogg","ogg\Victory\Fanfare 1 (Chrono Trigger - Victory).normalized.ogg","409497","","CURRENT MOD FILE"
"Iron Resolve (squallsoft).normalized.ogg","ogg\Victory\Iron Resolve (squallsoft).normalized.ogg","2501284","","CURRENT MOD FILE"
"Misson Complete (FFX-2 Victory).normalized.ogg","ogg\Victory\Misson Complete (FFX-2 Victory).normalized.ogg","729889","","CURRENT MOD FILE"
"Ooparts -ZTT Mix (raystorm victory)-.normalized.ogg","ogg\Victory\Ooparts -ZTT Mix (raystorm victory)-.normalized.ogg","1743330","","CURRENT MOD FILE"
"Plosive Attack.normalized.ogg","ogg\Victory\Plosive Attack.normalized.ogg","1339619","","CURRENT MOD FILE"
"Results Screen (SF IV victory).normalized.ogg","ogg\Victory\Results Screen (SF IV victory).normalized.ogg","938355","","CURRENT MOD FILE"
"Stand Up (squallsoft vol 2).normalized.ogg","ogg\Victory\Stand Up (squallsoft vol 2).normalized.ogg","2635062","","CURRENT MOD FILE"
"Strike Your Mind - Star Ocean_ The Second Story OST - Victory.normalized.ogg","ogg\Victory\Strike Your Mind - Star Ocean_ The Second Story OST - Victory.normalized.ogg","284082","","CURRENT MOD FILE"
"Treasures Won (breath of fire 2 victory).normalized.ogg","ogg\Victory\Treasures Won (breath of fire 2 victory).normalized.ogg","458066","","CURRENT MOD FILE"
"Triumph (Lufia 2 Victory).normalized.ogg","ogg\Victory\Triumph (Lufia 2 Victory).normalized.ogg","195678","","CURRENT MOD FILE"
"Victory (FFII).normalized.ogg","ogg\Victory\Victory (FFII).normalized.ogg","243013","","CURRENT MOD FILE"
"Victory Fanfare (Chaos).normalized.ogg","ogg\Victory\Victory Fanfare (Chaos).normalized.ogg","745609","","CURRENT MOD FILE"
"Victory Fanfare (Chrono Cross).normalized.ogg","ogg\Victory\Victory Fanfare (Chrono Cross).normalized.ogg","296765","","CURRENT MOD FILE"
"Victory Fanfare (FFI).normalized.ogg","ogg\Victory\Victory Fanfare (FFI).normalized.ogg","232216","","CURRENT MOD FILE"
"Victory Fanfare (FFIII).normalized.ogg","ogg\Victory\Victory Fanfare (FFIII).normalized.ogg","251273","","CURRENT MOD FILE"
"Victory Fanfare (FFIV SNES).normalized.ogg","ogg\Victory\Victory Fanfare (FFIV SNES).normalized.ogg","263554","","CURRENT MOD FILE"
"Victory Fanfare (FFIV).normalized.ogg","ogg\Victory\Victory Fanfare (FFIV).normalized.ogg","444902","","CURRENT MOD FILE"
"Victory Fanfare (FFVI SNES).normalized.ogg","ogg\Victory\Victory Fanfare (FFVI SNES).normalized.ogg","203794","","CURRENT MOD FILE"
"Victory Fanfare (ffvi victory).normalized.ogg","ogg\Victory\Victory Fanfare (ffvi victory).normalized.ogg","461422","","CURRENT MOD FILE"
"Victory Fanfare (FFVII Remake).normalized.ogg","ogg\Victory\Victory Fanfare (FFVII Remake).normalized.ogg","566282","","CURRENT MOD FILE"
"Victory Fanfare (FFVII).normalized.ogg","ogg\Victory\Victory Fanfare (FFVII).normalized.ogg","291079","","CURRENT MOD FILE"
"Victory Fanfare (FFVIII).normalized.ogg","ogg\Victory\Victory Fanfare (FFVIII).normalized.ogg","352612","","CURRENT MOD FILE"
"Victory Fanfare (FFX).normalized.ogg","ogg\Victory\Victory Fanfare (FFX).normalized.ogg","467800","","CURRENT MOD FILE"
"Victory Fanfare (FFXIII).normalized.ogg","ogg\Victory\Victory Fanfare (FFXIII).normalized.ogg","899417","","CURRENT MOD FILE"
"Victory Fanfare (final fantasy mystic quest victory).normalized.ogg","ogg\Victory\Victory Fanfare (final fantasy mystic quest victory).normalized.ogg","194107","","CURRENT MOD FILE"
"Victory Fanfare ~FFXII Version~ (FFXII - Victory).normalized.ogg","ogg\Victory\Victory Fanfare ~FFXII Version~ (FFXII - Victory).normalized.ogg","250798","","CURRENT MOD FILE"
"Victory in Neon (squallsoft victory).normalized.ogg","ogg\Victory\Victory in Neon (squallsoft victory).normalized.ogg","315557","","CURRENT MOD FILE"
"Victory Theme (suikoden victory).normalized.ogg","ogg\Victory\Victory Theme (suikoden victory).normalized.ogg","343094","","CURRENT MOD FILE"
"Warriors of Light - Victory.normalized.ogg","ogg\Victory\Warriors of Light - Victory.normalized.ogg","346100","","CURRENT MOD FILE"
"Crystal Project.exe","payload\Crystal Project.exe","2301440","65cfbba9ed7af1f0c7db110f85719fa695a92cc088873a157fa95d92fa720d79","LEGACY MOD FILE"
"install-manifest.json","RandomMusic\install-manifest.json","1428","dac33db1227bc580498d2bb634b28fed1aeac0cdcd78c6e1bb3fdd6526525094","LEGACY MOD FILE"
"Crystal Project.exe.1.6.9.original","RandomMusic\Backup\Crystal Project.exe.1.6.9.original","2307072","36f7d413160a4deee36b47fc6ac534e87cadb6f23f57337d4630ec99cedb14e6","BACKUP"
"Mono.Cecil.0.11.6.nupkg","RandomMusic\Tools\Mono.Cecil.0.11.6.nupkg","707868","d2a23832aaa948ba9a01acc42b5726e34c5f995958f1b30d45c0e7c70b3a72d5","LEGACY MOD FILE"
".signature.p7s","RandomMusic\Tools\Mono.Cecil.0.11.6\.signature.p7s","12926","9692309a49a5fd80d26e250b4e2c2c6e35873f1397caead7cb997ce91d17d553","LEGACY MOD FILE"
"Mono.Cecil.nuspec","RandomMusic\Tools\Mono.Cecil.0.11.6\Mono.Cecil.nuspec","1359","52fa41faa56134d176e8816347f040c01837d8c4458d43fef0166c27559d4bd9","LEGACY MOD FILE"
"[Content_Types].xml","RandomMusic\Tools\Mono.Cecil.0.11.6\[Content_Types].xml","528","abdd00f5935de1e02269c98a007a98fd67dc61223641b4566204f7f86781ea19","LEGACY MOD FILE"
"Mono.Cecil.dll","RandomMusic\Tools\Mono.Cecil.0.11.6\lib\net40\Mono.Cecil.dll","363008","c41bdb9ffd3c5f6e17d2382c1012d73703e035e3f1100245fdd4e08c8dc6eb5b","LEGACY MOD FILE"
"Mono.Cecil.Mdb.dll","RandomMusic\Tools\Mono.Cecil.0.11.6\lib\net40\Mono.Cecil.Mdb.dll","43520","570a437dea0271d1d5c8b7d6a408b0b2635bdb0e8b8d5051878f3e7fca087f89","LEGACY MOD FILE"
"Mono.Cecil.Mdb.pdb","RandomMusic\Tools\Mono.Cecil.0.11.6\lib\net40\Mono.Cecil.Mdb.pdb","19276","66f96d1c188f913aad0192708aebfcc3c6e2c63fbdc6c5d842c80953e1df256f","LEGACY MOD FILE"
"Mono.Cecil.pdb","RandomMusic\Tools\Mono.Cecil.0.11.6\lib\net40\Mono.Cecil.pdb","187764","7731a001867c86c2db9ea12ebd6994ac7e43c7fd75bf1b5ee4f877601ef0bc43","LEGACY MOD FILE"
"Mono.Cecil.Pdb.dll","RandomMusic\Tools\Mono.Cecil.0.11.6\lib\net40\Mono.Cecil.Pdb.dll","90112","50a1a1a79dc86fcfb8b51249b5325a10dd93d193c52999cf6775d25030a4e606","LEGACY MOD FILE"
"Mono.Cecil.Pdb.pdb","RandomMusic\Tools\Mono.Cecil.0.11.6\lib\net40\Mono.Cecil.Pdb.pdb","27644","0f8604853876a0355b9c855c22db2b9f6b96fb88eec0aa03c46d066b5c8a2b6b","LEGACY MOD FILE"
"Mono.Cecil.Rocks.dll","RandomMusic\Tools\Mono.Cecil.0.11.6\lib\net40\Mono.Cecil.Rocks.dll","29696","842e09959084eda733aab1a5354d7af79e29594f4d8b91c8792103e5c755ed9b","LEGACY MOD FILE"
"Mono.Cecil.Rocks.pdb","RandomMusic\Tools\Mono.Cecil.0.11.6\lib\net40\Mono.Cecil.Rocks.pdb","9608","a186e51e8edda92120f1778866b3ee80d593ea2b66a0ce1bd47b48770e428fd6","LEGACY MOD FILE"
"Mono.Cecil.dll","RandomMusic\Tools\Mono.Cecil.0.11.6\lib\netstandard2.0\Mono.Cecil.dll","361472","831dca77470d85cb6ffbea3072daa7a3df5b7c9fcfd9c3f43674a9be99d4bfcf","LEGACY MOD FILE"
"Mono.Cecil.Mdb.dll","RandomMusic\Tools\Mono.Cecil.0.11.6\lib\netstandard2.0\Mono.Cecil.Mdb.dll","39936","28cb367972bdc1cd43e4006306af2fd96d37f4ed4b239ee90e1dc7237a93af7f","LEGACY MOD FILE"
"Mono.Cecil.Mdb.pdb","RandomMusic\Tools\Mono.Cecil.0.11.6\lib\netstandard2.0\Mono.Cecil.Mdb.pdb","23956","9c88cc698ab316e11da8fe30cee747cfa1688220b4bdef9946551119b9a2307f","LEGACY MOD FILE"
"Mono.Cecil.pdb","RandomMusic\Tools\Mono.Cecil.0.11.6\lib\netstandard2.0\Mono.Cecil.pdb","193116","31dbff5e4be7afb7ec5c5b0fb0f09dac5b2581cb3600454c5f0ec2cac72f7ed9","LEGACY MOD FILE"
"Mono.Cecil.Pdb.dll","RandomMusic\Tools\Mono.Cecil.0.11.6\lib\netstandard2.0\Mono.Cecil.Pdb.dll","90112","a332332633fbcb20e8d50e49b4db7bd1557721417122cf0c5f4c42f2332391d0","LEGACY MOD FILE"
"Mono.Cecil.Pdb.pdb","RandomMusic\Tools\Mono.Cecil.0.11.6\lib\netstandard2.0\Mono.Cecil.Pdb.pdb","33944","06eb41fcda567c45a85a4774a8a8635cf8f2b2ec045e5ba520408ef3716beb57","LEGACY MOD FILE"
"Mono.Cecil.Rocks.dll","RandomMusic\Tools\Mono.Cecil.0.11.6\lib\netstandard2.0\Mono.Cecil.Rocks.dll","27136","bf992f3dce364ebcc3200fa7832ef07e20b4e2dbc3a8a6213ce44e3d239db984","LEGACY MOD FILE"
"Mono.Cecil.Rocks.pdb","RandomMusic\Tools\Mono.Cecil.0.11.6\lib\netstandard2.0\Mono.Cecil.Rocks.pdb","15076","fa772d557e18329108a6e42fb71046c12556323ef4a836e33628ee2b9a5143a3","LEGACY MOD FILE"
"e640a21b23dc4c169ccb9223a09c4bae.psmdcp","RandomMusic\Tools\Mono.Cecil.0.11.6\package\services\metadata\core-properties\e640a21b23dc4c169ccb9223a09c4bae.psmdcp","1088","347d629e2f5173a2336ef8bb44eaafabb06b7748036bf4d830959ef4d784f391","LEGACY MOD FILE"
".rels","RandomMusic\Tools\Mono.Cecil.0.11.6\_rels\.rels","504","1aa7b08def877ea03c7c7fc194a73bdfbe5c854d117ce6de8aa04591f9d38127","LEGACY MOD FILE"
"install-manifest.json","RandomMusicPrototype\install-manifest.json","1532","d4f1ededd72ee99ac97ed6f955eee1f948bc973a4f4782e040b47212479e6ace","LEGACY MOD FILE"
"Crystal Project.exe.1.6.9.original","RandomMusicPrototype\Backup\Crystal Project.exe.1.6.9.original","2307072","36f7d413160a4deee36b47fc6ac534e87cadb6f23f57337d4630ec99cedb14e6","BACKUP"
"Mono.Cecil.0.11.6.nupkg","RandomMusicPrototype\Tools\Mono.Cecil.0.11.6.nupkg","707868","d2a23832aaa948ba9a01acc42b5726e34c5f995958f1b30d45c0e7c70b3a72d5","LEGACY MOD FILE"
".signature.p7s","RandomMusicPrototype\Tools\Mono.Cecil.0.11.6\.signature.p7s","12926","9692309a49a5fd80d26e250b4e2c2c6e35873f1397caead7cb997ce91d17d553","LEGACY MOD FILE"
"Mono.Cecil.nuspec","RandomMusicPrototype\Tools\Mono.Cecil.0.11.6\Mono.Cecil.nuspec","1359","52fa41faa56134d176e8816347f040c01837d8c4458d43fef0166c27559d4bd9","LEGACY MOD FILE"
"[Content_Types].xml","RandomMusicPrototype\Tools\Mono.Cecil.0.11.6\[Content_Types].xml","528","abdd00f5935de1e02269c98a007a98fd67dc61223641b4566204f7f86781ea19","LEGACY MOD FILE"
"Mono.Cecil.dll","RandomMusicPrototype\Tools\Mono.Cecil.0.11.6\lib\net40\Mono.Cecil.dll","363008","c41bdb9ffd3c5f6e17d2382c1012d73703e035e3f1100245fdd4e08c8dc6eb5b","LEGACY MOD FILE"
"Mono.Cecil.Mdb.dll","RandomMusicPrototype\Tools\Mono.Cecil.0.11.6\lib\net40\Mono.Cecil.Mdb.dll","43520","570a437dea0271d1d5c8b7d6a408b0b2635bdb0e8b8d5051878f3e7fca087f89","LEGACY MOD FILE"
"Mono.Cecil.Mdb.pdb","RandomMusicPrototype\Tools\Mono.Cecil.0.11.6\lib\net40\Mono.Cecil.Mdb.pdb","19276","66f96d1c188f913aad0192708aebfcc3c6e2c63fbdc6c5d842c80953e1df256f","LEGACY MOD FILE"
"Mono.Cecil.pdb","RandomMusicPrototype\Tools\Mono.Cecil.0.11.6\lib\net40\Mono.Cecil.pdb","187764","7731a001867c86c2db9ea12ebd6994ac7e43c7fd75bf1b5ee4f877601ef0bc43","LEGACY MOD FILE"
"Mono.Cecil.Pdb.dll","RandomMusicPrototype\Tools\Mono.Cecil.0.11.6\lib\net40\Mono.Cecil.Pdb.dll","90112","50a1a1a79dc86fcfb8b51249b5325a10dd93d193c52999cf6775d25030a4e606","LEGACY MOD FILE"
"Mono.Cecil.Pdb.pdb","RandomMusicPrototype\Tools\Mono.Cecil.0.11.6\lib\net40\Mono.Cecil.Pdb.pdb","27644","0f8604853876a0355b9c855c22db2b9f6b96fb88eec0aa03c46d066b5c8a2b6b","LEGACY MOD FILE"
"Mono.Cecil.Rocks.dll","RandomMusicPrototype\Tools\Mono.Cecil.0.11.6\lib\net40\Mono.Cecil.Rocks.dll","29696","842e09959084eda733aab1a5354d7af79e29594f4d8b91c8792103e5c755ed9b","LEGACY MOD FILE"
"Mono.Cecil.Rocks.pdb","RandomMusicPrototype\Tools\Mono.Cecil.0.11.6\lib\net40\Mono.Cecil.Rocks.pdb","9608","a186e51e8edda92120f1778866b3ee80d593ea2b66a0ce1bd47b48770e428fd6","LEGACY MOD FILE"
"Mono.Cecil.dll","RandomMusicPrototype\Tools\Mono.Cecil.0.11.6\lib\netstandard2.0\Mono.Cecil.dll","361472","831dca77470d85cb6ffbea3072daa7a3df5b7c9fcfd9c3f43674a9be99d4bfcf","LEGACY MOD FILE"
"Mono.Cecil.Mdb.dll","RandomMusicPrototype\Tools\Mono.Cecil.0.11.6\lib\netstandard2.0\Mono.Cecil.Mdb.dll","39936","28cb367972bdc1cd43e4006306af2fd96d37f4ed4b239ee90e1dc7237a93af7f","LEGACY MOD FILE"
"Mono.Cecil.Mdb.pdb","RandomMusicPrototype\Tools\Mono.Cecil.0.11.6\lib\netstandard2.0\Mono.Cecil.Mdb.pdb","23956","9c88cc698ab316e11da8fe30cee747cfa1688220b4bdef9946551119b9a2307f","LEGACY MOD FILE"
"Mono.Cecil.pdb","RandomMusicPrototype\Tools\Mono.Cecil.0.11.6\lib\netstandard2.0\Mono.Cecil.pdb","193116","31dbff5e4be7afb7ec5c5b0fb0f09dac5b2581cb3600454c5f0ec2cac72f7ed9","LEGACY MOD FILE"
"Mono.Cecil.Pdb.dll","RandomMusicPrototype\Tools\Mono.Cecil.0.11.6\lib\netstandard2.0\Mono.Cecil.Pdb.dll","90112","a332332633fbcb20e8d50e49b4db7bd1557721417122cf0c5f4c42f2332391d0","LEGACY MOD FILE"
"Mono.Cecil.Pdb.pdb","RandomMusicPrototype\Tools\Mono.Cecil.0.11.6\lib\netstandard2.0\Mono.Cecil.Pdb.pdb","33944","06eb41fcda567c45a85a4774a8a8635cf8f2b2ec045e5ba520408ef3716beb57","LEGACY MOD FILE"
"Mono.Cecil.Rocks.dll","RandomMusicPrototype\Tools\Mono.Cecil.0.11.6\lib\netstandard2.0\Mono.Cecil.Rocks.dll","27136","bf992f3dce364ebcc3200fa7832ef07e20b4e2dbc3a8a6213ce44e3d239db984","LEGACY MOD FILE"
"Mono.Cecil.Rocks.pdb","RandomMusicPrototype\Tools\Mono.Cecil.0.11.6\lib\netstandard2.0\Mono.Cecil.Rocks.pdb","15076","fa772d557e18329108a6e42fb71046c12556323ef4a836e33628ee2b9a5143a3","LEGACY MOD FILE"
"e640a21b23dc4c169ccb9223a09c4bae.psmdcp","RandomMusicPrototype\Tools\Mono.Cecil.0.11.6\package\services\metadata\core-properties\e640a21b23dc4c169ccb9223a09c4bae.psmdcp","1088","347d629e2f5173a2336ef8bb44eaafabb06b7748036bf4d830959ef4d784f391","LEGACY MOD FILE"
".rels","RandomMusicPrototype\Tools\Mono.Cecil.0.11.6\_rels\.rels","504","1aa7b08def877ea03c7c7fc194a73bdfbe5c854d117ce6de8aa04591f9d38127","LEGACY MOD FILE"
"Install.ps1","scripts\Install.ps1","10003","309fe3ee1058b205bb90ac0da8f40f8dcdb95345255c9b266fc7794e157aa615","LEGACY MOD FILE"
"Uninstall.ps1","scripts\Uninstall.ps1","1994","f71444107b82f17e32f2c381439e8fdb6926d9968cb22b8c536a6d38507ddf28","LEGACY MOD FILE"
"Patcher.cs","src\Patcher.cs","52389","d32af6d2c2d93a414751573b330a415b39522dcfe0d9662ddc65a9be7d0d5211","LEGACY MOD FILE"
